episode,step,total,progress,waypoint_bonus,lateral_penalty,steer_jerk,speed,time,goal_bonus,oob_penalty,stall_penalty,termination,progress_fraction
0,0,-0.0352,0.0,0.0,-0.0,-0.0152,0.0,-0.02,0.0,0.0,0.0,running,0.0
0,1,-0.0215,0.0,0.0,-0.0,-0.0017,0.0001,-0.02,0.0,0.0,0.0,running,0.0
0,2,-0.0237,0.0,0.0,-0.0,-0.004,0.0003,-0.02,0.0,0.0,0.0,running,0.0
0,3,-0.0203,0.0011,0.0,-0.0,-0.002,0.0007,-0.02,0.0,0.0,0.0,running,0.0001
0,4,-0.0055,0.0112,0.0,-0.0,-0.0,0.0034,-0.02,0.0,0.0,0.0,running,0.0006
0,5,0.0079,0.0218,0.0,-0.0,-0.0003,0.0065,-0.02,0.0,0.0,0.0,running,0.0017
0,6,0.0772,0.0752,0.0,-0.0001,-0.0003,0.0225,-0.02,0.0,0.0,0.0,running,0.0055
0,7,0.0488,0.0534,0.0,-0.0003,-0.0003,0.0159,-0.02,0.0,0.0,0.0,running,0.0081
0,8,0.0617,0.0639,0.0,-0.0005,-0.0006,0.0189,-0.02,0.0,0.0,0.0,running,0.0113
0,9,0.0748,0.0744,0.0,-0.001,-0.0005,0.0219,-0.02,0.0,0.0,0.0,running,0.0151
0,10,0.0877,0.0849,0.0,-0.0017,-0.0004,0.0248,-0.02,0.0,0.0,0.0,running,0.0193
0,11,0.1,0.0954,0.0,-0.0027,-0.0004,0.0277,-0.02,0.0,0.0,0.0,running,0.0241
0,12,0.1117,0.1058,0.0,-0.0042,-0.0003,0.0304,-0.02,0.0,0.0,0.0,running,0.0294
0,13,0.1225,0.1162,0.0,-0.0063,-0.0003,0.033,-0.02,0.0,0.0,0.0,running,0.0352
0,14,0.1323,0.1266,0.0,-0.0093,-0.0004,0.0354,-0.02,0.0,0.0,0.0,running,0.0415
0,15,0.2769,0.2464,0.0,-0.016,-0.0005,0.067,-0.02,0.0,0.0,0.0,running,0.0538
0,16,0.1579,0.158,0.0,-0.022,-0.0004,0.0422,-0.02,0.0,0.0,0.0,running,0.0617
0,17,0.1627,0.1686,0.0,-0.0291,-0.0009,0.0441,-0.02,0.0,0.0,0.0,running,0.0702
0,18,0.1649,0.1787,0.0,-0.0386,-0.001,0.0457,-0.02,0.0,0.0,0.0,running,0.0791
0,19,0.1654,0.1891,0.0,-0.0502,-0.0006,0.0471,-0.02,0.0,0.0,0.0,running,0.0885
0,20,0.1626,0.1995,0.0,-0.0644,-0.0008,0.0483,-0.02,0.0,0.0,0.0,running,0.0985
0,21,0.1563,0.21,0.0,-0.0814,-0.0015,0.0492,-0.02,0.0,0.0,0.0,running,0.109
0,22,-19.853,0.2204,10.0,-0.1013,-0.002,0.0498,-0.02,0.0,-30.0,0.0,out_of_bounds,0.12
1,0,-0.07,0.0,0.0,-0.0,-0.05,0.0,-0.02,0.0,0.0,0.0,running,0.0
1,1,-0.083,0.0001,0.0,-0.0,-0.0633,0.0001,-0.02,0.0,0.0,0.0,running,0.0
1,2,-0.0247,0.0,0.0,-0.0,-0.0047,0.0,-0.02,0.0,0.0,0.0,running,0.0
1,3,-0.0206,-0.0001,0.0,-0.0,-0.0006,0.0001,-0.02,0.0,0.0,0.0,running,0.0
1,4,-0.0211,0.0,0.0,-0.0,-0.0014,0.0003,-0.02,0.0,0.0,0.0,running,0.0
1,5,-0.0206,0.0013,0.0,-0.0,-0.0025,0.0007,-0.02,0.0,0.0,0.0,running,0.0001
1,6,0.0186,0.033,0.0,-0.0,-0.0042,0.0099,-0.02,0.0,0.0,0.0,running,0.0017
1,7,0.0208,0.0324,0.0,-0.0001,-0.0012,0.0097,-0.02,0.0,0.0,0.0,running,0.0033
1,8,0.0351,0.0429,0.0,-0.0001,-0.0005,0.0128,-0.02,0.0,0.0,0.0,running,0.0055
1,9,0.0491,0.0535,0.0,-0.0002,-0.0001,0.0159,-0.02,0.0,0.0,0.0,running,0.0082
1,10,0.0621,0.064,0.0,-0.0004,-0.0005,0.019,-0.02,0.0,0.0,0.0,running,0.0114
1,11,0.075,0.0745,0.0,-0.0008,-0.0007,0.022,-0.02,0.0,0.0,0.0,running,0.0151
1,12,0.0879,0.085,0.0,-0.0013,-0.0007,0.0249,-0.02,0.0,0.0,0.0,running,0.0193
1,13,0.1006,0.0955,0.0,-0.0022,-0.0005,0.0278,-0.02,0.0,0.0,0.0,running,0.0241
1,14,0.1126,0.1059,0.0,-0.0035,-0.0004,0.0305,-0.02,0.0,0.0,0.0,running,0.0294
1,15,0.2833,0.2431,0.0,-0.0079,-0.0002,0.0684,-0.02,0.0,0.0,0.0,running,0.0416
1,16,0.1433,0.1371,0.0,-0.0115,-0.0004,0.038,-0.02,0.0,0.0,0.0,running,0.0484
1,17,0.1063,0.1104,0.0,-0.0138,-0.0004,0.0301,-0.02,0.0,0.0,0.0,running,0.0539
1,18,0.0043,0.0334,0.0,-0.0213,-0.0001,0.0124,-0.02,0.0,0.0,0.0,running,0.0556
1,19,-0.0193,0.0225,0.0,-0.0337,-0.0005,0.0125,-0.02,0.0,0.0,0.0,running,0.0567
1,20,0.1679,0.1806,0.0,-0.0375,-0.001,0.0458,-0.02,0.0,0.0,0.0,running,0.0658
1,21,0.1754,0.1911,0.0,-0.0431,-0.0005,0.0479,-0.02,0.0,0.0,0.0,running,0.0753
1,22,0.181,0.2016,0.0,-0.0501,-0.0003,0.0498,-0.02,0.0,0.0,0.0,running,0.0854
1,23,0.1847,0.212,0.0,-0.0586,-0.0002,0.0514,-0.02,0.0,0.0,0.0,running,0.096
1,24,10.4308,0.4553,10.0,-0.0813,-0.0002,0.077,-0.02,0.0,0.0,0.0,running,0.1188
1,25,-29.8191,0.2432,0.0,-0.0962,-0.0012,0.0551,-0.02,0.0,-30.0,0.0,out_of_bounds,0.1309
2,0,-0.07,0.0,0.0,-0.0,-0.05,0.0,-0.02,0.0,0.0,0.0,running,0.0
2,1,-0.0842,0.0001,0.0,-0.0,-0.0644,0.0001,-0.02,0.0,0.0,0.0,running,0.0
2,2,-0.0244,-0.0,0.0,-0.0,-0.0044,0.0,-0.02,0.0,0.0,0.0,running,0.0
2,3,-0.0205,-0.0001,0.0,-0.0,-0.0005,0.0001,-0.02,0.0,0.0,0.0,running,0.0
2,4,-0.0216,0.0,0.0,-0.0,-0.0018,0.0003,-0.02,0.0,0.0,0.0,running,0.0
2,5,-0.006,0.0125,0.0,-0.0,-0.0024,0.0039,-0.02,0.0,0.0,0.0,running,0.0006
2,6,0.0008,0.0218,0.0,-0.0,-0.0075,0.0065,-0.02,0.0,0.0,0.0,running,0.0017
2,7,0.0216,0.0324,0.0,-0.0001,-0.0004,0.0097,-0.02,0.0,0.0,0.0,running,0.0033
2,8,0.0354,0.0429,0.0,-0.0001,-0.0002,0.0128,-0.02,0.0,0.0,0.0,running,0.0055
2,9,0.049,0.0535,0.0,-0.0002,-0.0002,0.0159,-0.02,0.0,0.0,0.0,running,0.0082
2,10,0.0625,0.064,0.0,-0.0004,-0.0001,0.019,-0.02,0.0,0.0,0.0,running,0.0114
2,11,0.0757,0.0745,0.0,-0.0008,-0.0,0.022,-0.02,0.0,0.0,0.0,running,0.0151
2,12,0.0885,0.085,0.0,-0.0013,-0.0001,0.0249,-0.02,0.0,0.0,0.0,running,0.0193
2,13,0.1007,0.0955,0.0,-0.0022,-0.0004,0.0278,-0.02,0.0,0.0,0.0,running,0.0241
2,14,0.2595,0.2224,0.0,-0.0052,-0.0011,0.0634,-0.02,0.0,0.0,0.0,running,0.0352
2,15,0.1303,0.1268,0.0,-0.0077,-0.0046,0.0357,-0.02,0.0,0.0,0.0,running,0.0416
2,16,0.1431,0.1374,0.0,-0.0109,-0.0015,0.0381,-0.02,0.0,0.0,0.0,running,0.0484
2,17,0.1526,0.1479,0.0,-0.015,-0.0006,0.0404,-0.02,0.0,0.0,0.0,running,0.0558
2,18,0.1612,0.1587,0.0,-0.0196,-0.0004,0.0426,-0.02,0.0,0.0,0.0,running,0.0638
2,19,0.1677,0.169,0.0,-0.0256,-0.0003,0.0446,-0.02,0.0,0.0,0.0,running,0.0722
2,20,0.172,0.1796,0.0,-0.0328,-0.0012,0.0464,-0.02,0.0,0.0,0.0,running,0.0812
2,21,0.1751,0.1901,0.0,-0.0413,-0.0018,0.0481,-0.02,0.0,0.0,0.0,running,0.0907
2,22,0.1771,0.2006,0.0,-0.0515,-0.0016,0.0496,-0.02,0.0,0.0,0.0,running,0.1007
2,23,10.4108,0.4325,10.0,-0.0784,-0.0007,0.0774,-0.02,0.0,0.0,0.0,running,0.1224
2,24,-29.8404,0.2318,0.0,-0.0959,-0.0091,0.0527,-0.02,0.0,-30.0,0.0,out_of_bounds,0.1339
